PurchId,ItemNumber,VendAccount,OrderDate,PurchQty,PurchPrice,CurrencyCode
PO-000001,SOL-GLASS-32,SUP-003,2024-01-08,810,6.2476,USD
PO-000002,SOL-GLASS-32,SUP-003,2024-02-08,2212,6.309,USD
PO-000003,SOL-GLASS-32,SUP-003,2024-03-08,2232,6.4794,USD
PO-000004,SOL-GLASS-32,SUP-003,2024-04-08,1084,6.4487,USD
PO-000005,SOL-GLASS-32,SUP-003,2024-05-08,1245,6.4308,USD
PO-000006,SOL-GLASS-32,SUP-003,2024-06-08,1021,6.4532,USD
PO-000007,SOL-GLASS-32,SUP-003,2024-07-08,2113,6.4511,USD
PO-000008,SOL-GLASS-32,SUP-003,2024-08-08,1155,6.7758,USD
PO-000009,SOL-GLASS-32,SUP-003,2024-09-08,1990,6.6753,USD
PO-000010,SOL-GLASS-32,SUP-003,2024-10-08,1833,6.8673,USD
PO-000011,SOL-GLASS-32,SUP-003,2024-11-08,1910,6.8668,USD
PO-000012,SOL-GLASS-32,SUP-003,2024-12-08,1830,6.8401,USD
PO-000013,SOL-GLASS-32,SUP-003,2025-01-08,2175,6.5436,USD
PO-000014,SOL-GLASS-32,SUP-003,2025-02-08,1345,6.8846,USD
PO-000015,SOL-GLASS-32,SUP-003,2025-03-08,1962,6.7145,USD
PO-000016,SOL-GLASS-32,SUP-003,2025-04-08,1529,7.0811,USD
PO-000017,SOL-GLASS-32,SUP-003,2025-05-08,1935,7.5068,USD
PO-000018,SOL-GLASS-32,SUP-003,2025-06-08,2019,7.6888,USD
PO-000019,SOL-GLASS-32,SUP-003,2025-07-08,2116,7.7924,USD
PO-000020,SOL-GLASS-32,SUP-003,2025-08-08,1727,7.6303,USD
PO-000021,SOL-GLASS-32,SUP-003,2025-09-08,1590,7.9654,USD
PO-000022,SOL-GLASS-32,SUP-003,2025-10-08,2079,7.9667,USD
PO-000023,SOL-GLASS-32,SUP-003,2025-11-08,1900,8.343,USD
PO-000024,SOL-GLASS-32,SUP-003,2025-12-08,1007,8.0377,USD
PO-000025,SOL-ALU-FRAME,SUP-006,2024-01-08,939,3.4273,USD
PO-000026,SOL-ALU-FRAME,SUP-006,2024-02-08,1923,3.4847,USD
PO-000027,SOL-ALU-FRAME,SUP-006,2024-03-08,2254,3.3874,USD
PO-000028,SOL-ALU-FRAME,SUP-006,2024-04-08,1624,3.4898,USD
PO-000029,SOL-ALU-FRAME,SUP-006,2024-05-08,917,3.5808,USD
PO-000030,SOL-ALU-FRAME,SUP-006,2024-06-08,2189,3.6402,USD
PO-000031,SOL-ALU-FRAME,SUP-006,2024-07-08,1613,3.5919,USD
PO-000032,SOL-ALU-FRAME,SUP-006,2024-08-08,974,3.6592,USD
PO-000033,SOL-ALU-FRAME,SUP-006,2024-09-08,1612,3.6212,USD
PO-000034,SOL-ALU-FRAME,SUP-006,2024-10-08,2146,3.6446,USD
PO-000035,SOL-ALU-FRAME,SUP-006,2024-11-08,1978,3.6468,USD
PO-000036,SOL-ALU-FRAME,SUP-006,2024-12-08,1115,3.5572,USD
PO-000037,SOL-ALU-FRAME,SUP-006,2025-01-08,1294,3.6535,USD
PO-000038,SOL-ALU-FRAME,SUP-006,2025-02-08,972,3.7319,USD
PO-000039,SOL-ALU-FRAME,SUP-006,2025-03-08,2005,3.9601,USD
PO-000040,SOL-ALU-FRAME,SUP-006,2025-04-08,1715,4.2446,USD
PO-000041,SOL-ALU-FRAME,SUP-006,2025-05-08,1914,4.6386,USD
PO-000042,SOL-ALU-FRAME,SUP-006,2025-06-08,1145,4.7524,USD
PO-000043,SOL-ALU-FRAME,SUP-006,2025-07-08,933,4.7034,USD
PO-000044,SOL-ALU-FRAME,SUP-006,2025-08-08,1712,4.6295,USD
PO-000045,SOL-ALU-FRAME,SUP-006,2025-09-08,2018,4.6023,USD
PO-000046,SOL-ALU-FRAME,SUP-006,2025-10-08,1281,4.4124,USD
PO-000047,SOL-ALU-FRAME,SUP-006,2025-11-08,1984,4.2318,USD
PO-000048,SOL-ALU-FRAME,SUP-006,2025-12-08,836,4.2314,USD
PO-000049,SOL-CELL-M10,SUP-004,2024-01-08,17415,0.2123,USD
PO-000050,SOL-CELL-M10,SUP-004,2024-02-08,17163,0.2086,USD
PO-000051,SOL-CELL-M10,SUP-004,2024-03-08,10242,0.2181,USD
PO-000052,SOL-CELL-M10,SUP-004,2024-04-08,17421,0.2176,USD
PO-000053,SOL-CELL-M10,SUP-004,2024-05-08,26391,0.211,USD
PO-000054,SOL-CELL-M10,SUP-004,2024-06-08,9863,0.2186,USD
PO-000055,SOL-CELL-M10,SUP-004,2024-07-08,26497,0.2191,USD
PO-000056,SOL-CELL-M10,SUP-004,2024-08-08,28650,0.2215,USD
PO-000057,SOL-CELL-M10,SUP-004,2024-09-08,16886,0.2198,USD
PO-000058,SOL-CELL-M10,SUP-004,2024-10-08,23599,0.2274,USD
PO-000059,SOL-CELL-M10,SUP-004,2024-11-08,14785,0.2296,USD
PO-000060,SOL-CELL-M10,SUP-004,2024-12-08,25109,0.2319,USD
PO-000061,SOL-CELL-M10,SUP-004,2025-01-08,19813,0.2349,USD
PO-000062,SOL-CELL-M10,SUP-004,2025-02-08,16456,0.2362,USD
PO-000063,SOL-CELL-M10,SUP-004,2025-03-08,9712,0.2336,USD
PO-000064,SOL-CELL-M10,SUP-004,2025-04-08,27959,0.2434,USD
PO-000065,SOL-CELL-M10,SUP-004,2025-05-08,23606,0.2488,USD
PO-000066,SOL-CELL-M10,SUP-004,2025-06-08,22492,0.2635,USD
PO-000067,SOL-CELL-M10,SUP-004,2025-07-08,22047,0.2652,USD
PO-000068,SOL-CELL-M10,SUP-004,2025-08-08,16975,0.2645,USD
PO-000069,SOL-CELL-M10,SUP-004,2025-09-08,16145,0.2678,USD
PO-000070,SOL-CELL-M10,SUP-004,2025-10-08,24826,0.2732,USD
PO-000071,SOL-CELL-M10,SUP-004,2025-11-08,11494,0.2798,USD
PO-000072,SOL-CELL-M10,SUP-004,2025-12-08,15383,0.2684,USD
PO-000073,SOL-EVA-FILM,SUP-007,2024-01-08,993,1.1233,USD
PO-000074,SOL-EVA-FILM,SUP-007,2024-02-08,1888,1.1166,USD
PO-000075,SOL-EVA-FILM,SUP-007,2024-03-08,1351,1.1265,USD
PO-000076,SOL-EVA-FILM,SUP-007,2024-04-08,2380,1.0963,USD
PO-000077,SOL-EVA-FILM,SUP-007,2024-05-08,973,1.0854,USD
PO-000078,SOL-EVA-FILM,SUP-007,2024-06-08,1741,1.0795,USD
PO-000079,SOL-EVA-FILM,SUP-007,2024-07-08,1887,1.0848,USD
PO-000080,SOL-EVA-FILM,SUP-007,2024-08-08,1514,1.0764,USD
PO-000081,SOL-EVA-FILM,SUP-007,2024-09-08,820,1.1194,USD
PO-000082,SOL-EVA-FILM,SUP-007,2024-10-08,2129,1.084,USD
PO-000083,SOL-EVA-FILM,SUP-007,2024-11-08,2109,1.0415,USD
PO-000084,SOL-EVA-FILM,SUP-007,2024-12-08,2166,1.0715,USD
PO-000085,SOL-EVA-FILM,SUP-007,2025-01-08,1587,1.1217,USD
PO-000086,SOL-EVA-FILM,SUP-007,2025-02-08,2377,1.1564,USD
PO-000087,SOL-EVA-FILM,SUP-007,2025-03-08,1817,1.1824,USD
PO-000088,SOL-EVA-FILM,SUP-007,2025-04-08,2293,1.17,USD
PO-000089,SOL-EVA-FILM,SUP-007,2025-05-08,1968,1.1828,USD
PO-000090,SOL-EVA-FILM,SUP-007,2025-06-08,1505,1.1981,USD
PO-000091,SOL-EVA-FILM,SUP-007,2025-07-08,1659,1.2093,USD
PO-000092,SOL-EVA-FILM,SUP-007,2025-08-08,1789,1.2406,USD
PO-000093,SOL-EVA-FILM,SUP-007,2025-09-08,1827,1.2725,USD
PO-000094,SOL-EVA-FILM,SUP-007,2025-10-08,1773,1.2649,USD
PO-000095,SOL-EVA-FILM,SUP-007,2025-11-08,2099,1.2694,USD
PO-000096,SOL-EVA-FILM,SUP-007,2025-12-08,1222,1.3051,USD
PO-000097,SOL-JBOX-IP68,SUP-001,2024-01-08,17097,2.8105,USD
PO-000098,SOL-JBOX-IP68,SUP-001,2024-02-08,21693,2.8062,USD
PO-000099,SOL-JBOX-IP68,SUP-001,2024-03-08,28737,2.8612,USD
PO-000100,SOL-JBOX-IP68,SUP-001,2024-04-08,16393,3.0261,USD
PO-000101,SOL-JBOX-IP68,SUP-001,2024-05-08,17073,2.8532,USD
PO-000102,SOL-JBOX-IP68,SUP-001,2024-06-08,20723,2.8701,USD
PO-000103,SOL-JBOX-IP68,SUP-001,2024-07-08,14329,2.807,USD
PO-000104,SOL-JBOX-IP68,SUP-001,2024-08-08,10238,2.7831,USD
PO-000105,SOL-JBOX-IP68,SUP-001,2024-09-08,12640,2.7921,USD
PO-000106,SOL-JBOX-IP68,SUP-001,2024-10-08,15421,2.7364,USD
PO-000107,SOL-JBOX-IP68,SUP-001,2024-11-08,17349,2.6561,USD
PO-000108,SOL-JBOX-IP68,SUP-001,2024-12-08,20246,2.7543,USD
PO-000109,SOL-JBOX-IP68,SUP-001,2025-01-08,24507,2.736,USD
PO-000110,SOL-JBOX-IP68,SUP-001,2025-02-08,13199,2.8693,USD
PO-000111,SOL-JBOX-IP68,SUP-001,2025-03-08,22534,2.8762,USD
PO-000112,SOL-JBOX-IP68,SUP-001,2025-04-08,10736,2.9369,USD
PO-000113,SOL-JBOX-IP68,SUP-001,2025-05-08,11368,2.9865,USD
PO-000114,SOL-JBOX-IP68,SUP-001,2025-06-08,17494,2.9727,USD
PO-000115,SOL-JBOX-IP68,SUP-001,2025-07-08,15997,2.9829,USD
PO-000116,SOL-JBOX-IP68,SUP-001,2025-08-08,22896,2.8937,USD
PO-000117,SOL-JBOX-IP68,SUP-001,2025-09-08,28111,3.0194,USD
PO-000118,SOL-JBOX-IP68,SUP-001,2025-10-08,22179,2.9774,USD
PO-000119,SOL-JBOX-IP68,SUP-001,2025-11-08,10455,2.9257,USD
PO-000120,SOL-JBOX-IP68,SUP-001,2025-12-08,26583,2.9964,USD
PO-000121,SOL-BACKSHEET,SUP-002,2024-01-08,1095,2.0349,USD
PO-000122,SOL-BACKSHEET,SUP-002,2024-02-08,1947,2.0318,USD
PO-000123,SOL-BACKSHEET,SUP-002,2024-03-08,1633,2.0851,USD
PO-000124,SOL-BACKSHEET,SUP-002,2024-04-08,855,2.0315,USD
PO-000125,SOL-BACKSHEET,SUP-002,2024-05-08,1662,2.0206,USD
PO-000126,SOL-BACKSHEET,SUP-002,2024-06-08,1457,2.0693,USD
PO-000127,SOL-BACKSHEET,SUP-002,2024-07-08,2136,2.0799,USD
PO-000128,SOL-BACKSHEET,SUP-002,2024-08-08,1085,2.1543,USD
PO-000129,SOL-BACKSHEET,SUP-002,2024-09-08,1936,2.1746,USD
PO-000130,SOL-BACKSHEET,SUP-002,2024-10-08,1291,2.2068,USD
PO-000131,SOL-BACKSHEET,SUP-002,2024-11-08,1670,2.1864,USD
PO-000132,SOL-BACKSHEET,SUP-002,2024-12-08,2358,2.2334,USD
PO-000133,SOL-BACKSHEET,SUP-002,2025-01-08,1909,2.2249,USD
PO-000134,SOL-BACKSHEET,SUP-002,2025-02-08,1471,2.1738,USD
PO-000135,SOL-BACKSHEET,SUP-002,2025-03-08,2270,2.2548,USD
PO-000136,SOL-BACKSHEET,SUP-002,2025-04-08,1311,2.3403,USD
PO-000137,SOL-BACKSHEET,SUP-002,2025-05-08,1843,2.2849,USD
PO-000138,SOL-BACKSHEET,SUP-002,2025-06-08,802,2.3406,USD
PO-000139,SOL-BACKSHEET,SUP-002,2025-07-08,1006,2.2945,USD
PO-000140,SOL-BACKSHEET,SUP-002,2025-08-08,1029,2.1917,USD
PO-000141,SOL-BACKSHEET,SUP-002,2025-09-08,907,2.2884,USD
PO-000142,SOL-BACKSHEET,SUP-002,2025-10-08,2135,2.4185,USD
PO-000143,SOL-BACKSHEET,SUP-002,2025-11-08,1924,2.4697,USD
PO-000144,SOL-BACKSHEET,SUP-002,2025-12-08,1323,2.3965,USD
