material_id,version,effective_from,effective_to,standard_cost,currency
SOL-GLASS-32,1,2024-01-01,2024-12-31,6.2476,USD
SOL-GLASS-32,2,2025-01-01,,6.5704,USD
SOL-ALU-FRAME,1,2024-01-01,2024-12-31,3.4273,USD
SOL-ALU-FRAME,2,2025-01-01,,3.5609,USD
SOL-CELL-M10,1,2024-01-01,2024-12-31,0.2123,USD
SOL-CELL-M10,2,2025-01-01,,0.2196,USD
SOL-EVA-FILM,1,2024-01-01,2024-12-31,1.1233,USD
SOL-EVA-FILM,2,2025-01-01,,1.0921,USD
SOL-JBOX-IP68,1,2024-01-01,2024-12-31,2.8105,USD
SOL-JBOX-IP68,2,2025-01-01,,2.813,USD
SOL-BACKSHEET,1,2024-01-01,2024-12-31,2.0349,USD
SOL-BACKSHEET,2,2025-01-01,,2.109,USD
