product_sku,period_start,period_end,actual_volume,unit_of_measure
PANEL-60C,2025-06-01,2025-06-30,1200,PCS
PANEL-60C,2025-07-01,2025-07-31,1240,PCS
PANEL-60C,2025-08-01,2025-08-31,1170,PCS
PANEL-60C,2025-09-01,2025-09-30,1260,PCS
PANEL-60C,2025-10-01,2025-10-31,1220,PCS
PANEL-60C,2025-11-01,2025-11-30,1280,PCS
PANEL-72C,2025-06-01,2025-06-30,700,PCS
PANEL-72C,2025-07-01,2025-07-31,740,PCS
PANEL-72C,2025-08-01,2025-08-31,670,PCS
PANEL-72C,2025-09-01,2025-09-30,760,PCS
PANEL-72C,2025-10-01,2025-10-31,720,PCS
PANEL-72C,2025-11-01,2025-11-30,780,PCS
