supplier_id,metric_date,lead_time_days,on_time_delivery_rate
SUP-001,2025-01-01,18.9,0.936
SUP-001,2025-02-01,17.8,0.956
SUP-001,2025-03-01,17.6,0.923
SUP-001,2025-04-01,17.6,0.946
SUP-001,2025-05-01,17.7,0.948
SUP-001,2025-06-01,19.0,0.946
SUP-001,2025-07-01,18.5,0.95
SUP-001,2025-08-01,19.2,0.92
SUP-001,2025-09-01,16.6,0.954
SUP-001,2025-10-01,19.2,0.923
SUP-001,2025-11-01,17.1,0.94
SUP-001,2025-12-01,16.7,0.945
SUP-002,2025-01-01,17.1,0.946
SUP-002,2025-02-01,16.7,0.94
SUP-002,2025-03-01,17.8,0.924
SUP-002,2025-04-01,18.1,0.939
SUP-002,2025-05-01,18.9,0.932
SUP-002,2025-06-01,18.6,0.945
SUP-002,2025-07-01,18.1,0.95
SUP-002,2025-08-01,18.8,0.95
SUP-002,2025-09-01,18.8,0.946
SUP-002,2025-10-01,18.2,0.935
SUP-002,2025-11-01,17.2,0.926
SUP-002,2025-12-01,19.1,0.949
SUP-003,2025-01-01,18.2,0.955
SUP-003,2025-02-01,17.4,0.922
SUP-003,2025-03-01,17.7,0.959
SUP-003,2025-04-01,18.0,0.951
SUP-003,2025-05-01,19.3,0.955
SUP-003,2025-06-01,18.3,0.956
SUP-003,2025-07-01,17.7,0.953
SUP-003,2025-08-01,17.6,0.934
SUP-003,2025-09-01,18.2,0.941
SUP-003,2025-10-01,18.4,0.949
SUP-003,2025-11-01,19.0,0.947
SUP-003,2025-12-01,18.8,0.922
SUP-004,2025-01-01,17.9,0.923
SUP-004,2025-02-01,17.9,0.93
SUP-004,2025-03-01,16.7,0.938
SUP-004,2025-04-01,18.9,0.936
SUP-004,2025-05-01,19.3,0.925
SUP-004,2025-06-01,16.6,0.924
SUP-004,2025-07-01,18.3,0.96
SUP-004,2025-08-01,19.2,0.928
SUP-004,2025-09-01,18.4,0.928
SUP-004,2025-10-01,16.8,0.954
SUP-004,2025-11-01,17.8,0.922
SUP-004,2025-12-01,17.6,0.943
SUP-005,2025-01-01,19.1,0.952
SUP-005,2025-02-01,18.1,0.959
SUP-005,2025-03-01,17.5,0.957
SUP-005,2025-04-01,19.0,0.939
SUP-005,2025-05-01,17.5,0.939
SUP-005,2025-06-01,18.0,0.957
SUP-005,2025-07-01,18.2,0.952
SUP-005,2025-08-01,18.9,0.942
SUP-005,2025-09-01,19.1,0.956
SUP-005,2025-10-01,17.0,0.959
SUP-005,2025-11-01,18.0,0.939
SUP-005,2025-12-01,18.0,0.94
SUP-006,2025-01-01,19.2,0.93
SUP-006,2025-02-01,17.1,0.932
SUP-006,2025-03-01,17.7,0.923
SUP-006,2025-04-01,18.1,0.921
SUP-006,2025-05-01,17.6,0.942
SUP-006,2025-06-01,16.9,0.958
SUP-006,2025-07-01,18.1,0.957
SUP-006,2025-08-01,18.4,0.953
SUP-006,2025-09-01,18.6,0.925
SUP-006,2025-10-01,29.3,0.8
SUP-006,2025-11-01,33.8,0.78
SUP-006,2025-12-01,38.7,0.76
SUP-007,2025-01-01,19.1,0.953
SUP-007,2025-02-01,18.5,0.933
SUP-007,2025-03-01,19.4,0.929
SUP-007,2025-04-01,17.6,0.93
SUP-007,2025-05-01,18.6,0.923
SUP-007,2025-06-01,17.4,0.921
SUP-007,2025-07-01,18.9,0.939
SUP-007,2025-08-01,18.5,0.943
SUP-007,2025-09-01,19.3,0.925
SUP-007,2025-10-01,18.7,0.937
SUP-007,2025-11-01,17.9,0.926
SUP-007,2025-12-01,17.4,0.923
