po_number,material_id,supplier_id,order_date,quantity,unit_price,currency
PO-S-32-202401,SOL-GLASS-32,SUP-003,2024-01-08,810,6.2476,USD
PO-S-32-202402,SOL-GLASS-32,SUP-003,2024-02-08,2212,6.309,USD
PO-S-32-202403,SOL-GLASS-32,SUP-003,2024-03-08,2232,6.4794,USD
PO-S-32-202404,SOL-GLASS-32,SUP-003,2024-04-08,1084,6.4487,USD
PO-S-32-202405,SOL-GLASS-32,SUP-003,2024-05-08,1245,6.4308,USD
PO-S-32-202406,SOL-GLASS-32,SUP-003,2024-06-08,1021,6.4532,USD
PO-S-32-202407,SOL-GLASS-32,SUP-003,2024-07-08,2113,6.4511,USD
PO-S-32-202408,SOL-GLASS-32,SUP-003,2024-08-08,1155,6.7758,USD
PO-S-32-202409,SOL-GLASS-32,SUP-003,2024-09-08,1990,6.6753,USD
PO-S-32-202410,SOL-GLASS-32,SUP-003,2024-10-08,1833,6.8673,USD
PO-S-32-202411,SOL-GLASS-32,SUP-003,2024-11-08,1910,6.8668,USD
PO-S-32-202412,SOL-GLASS-32,SUP-003,2024-12-08,1830,6.8401,USD
PO-S-32-202501,SOL-GLASS-32,SUP-003,2025-01-08,2175,6.5436,USD
PO-S-32-202502,SOL-GLASS-32,SUP-003,2025-02-08,1345,6.8846,USD
PO-S-32-202503,SOL-GLASS-32,SUP-003,2025-03-08,1962,6.7145,USD
PO-S-32-202504,SOL-GLASS-32,SUP-003,2025-04-08,1529,7.0811,USD
PO-S-32-202505,SOL-GLASS-32,SUP-003,2025-05-08,1935,7.5068,USD
PO-S-32-202506,SOL-GLASS-32,SUP-003,2025-06-08,2019,7.6888,USD
PO-S-32-202507,SOL-GLASS-32,SUP-003,2025-07-08,2116,7.7924,USD
PO-S-32-202508,SOL-GLASS-32,SUP-003,2025-08-08,1727,7.6303,USD
PO-S-32-202509,SOL-GLASS-32,SUP-003,2025-09-08,1590,7.9654,USD
PO-S-32-202510,SOL-GLASS-32,SUP-003,2025-10-08,2079,7.9667,USD
PO-S-32-202511,SOL-GLASS-32,SUP-003,2025-11-08,1900,8.343,USD
PO-S-32-202512,SOL-GLASS-32,SUP-003,2025-12-08,1007,8.0377,USD
PO-RAME-202401,SOL-ALU-FRAME,SUP-006,2024-01-08,939,3.4273,USD
PO-RAME-202402,SOL-ALU-FRAME,SUP-006,2024-02-08,1923,3.4847,USD
PO-RAME-202403,SOL-ALU-FRAME,SUP-006,2024-03-08,2254,3.3874,USD
PO-RAME-202404,SOL-ALU-FRAME,SUP-006,2024-04-08,1624,3.4898,USD
PO-RAME-202405,SOL-ALU-FRAME,SUP-006,2024-05-08,917,3.5808,USD
PO-RAME-202406,SOL-ALU-FRAME,SUP-006,2024-06-08,2189,3.6402,USD
PO-RAME-202407,SOL-ALU-FRAME,SUP-006,2024-07-08,1613,3.5919,USD
PO-RAME-202408,SOL-ALU-FRAME,SUP-006,2024-08-08,974,3.6592,USD
PO-RAME-202409,SOL-ALU-FRAME,SUP-006,2024-09-08,1612,3.6212,USD
PO-RAME-202410,SOL-ALU-FRAME,SUP-006,2024-10-08,2146,3.6446,USD
PO-RAME-202411,SOL-ALU-FRAME,SUP-006,2024-11-08,1978,3.6468,USD
PO-RAME-202412,SOL-ALU-FRAME,SUP-006,2024-12-08,1115,3.5572,USD
PO-RAME-202501,SOL-ALU-FRAME,SUP-006,2025-01-08,1294,3.6535,USD
PO-RAME-202502,SOL-ALU-FRAME,SUP-006,2025-02-08,972,3.7319,USD
PO-RAME-202503,SOL-ALU-FRAME,SUP-006,2025-03-08,2005,3.9601,USD
PO-RAME-202504,SOL-ALU-FRAME,SUP-006,2025-04-08,1715,4.2446,USD
PO-RAME-202505,SOL-ALU-FRAME,SUP-006,2025-05-08,1914,4.6386,USD
PO-RAME-202506,SOL-ALU-FRAME,SUP-006,2025-06-08,1145,4.7524,USD
PO-RAME-202507,SOL-ALU-FRAME,SUP-006,2025-07-08,933,4.7034,USD
PO-RAME-202508,SOL-ALU-FRAME,SUP-006,2025-08-08,1712,4.6295,USD
PO-RAME-202509,SOL-ALU-FRAME,SUP-006,2025-09-08,2018,4.6023,USD
PO-RAME-202510,SOL-ALU-FRAME,SUP-006,2025-10-08,1281,4.4124,USD
PO-RAME-202511,SOL-ALU-FRAME,SUP-006,2025-11-08,1984,4.2318,USD
PO-RAME-202512,SOL-ALU-FRAME,SUP-006,2025-12-08,836,4.2314,USD
PO--M10-202401,SOL-CELL-M10,SUP-004,2024-01-08,17415,0.2123,USD
PO--M10-202402,SOL-CELL-M10,SUP-004,2024-02-08,17163,0.2086,USD
PO--M10-202403,SOL-CELL-M10,SUP-004,2024-03-08,10242,0.2181,USD
PO--M10-202404,SOL-CELL-M10,SUP-004,2024-04-08,17421,0.2176,USD
PO--M10-202405,SOL-CELL-M10,SUP-004,2024-05-08,26391,0.211,USD
PO--M10-202406,SOL-CELL-M10,SUP-004,2024-06-08,9863,0.2186,USD
PO--M10-202407,SOL-CELL-M10,SUP-004,2024-07-08,26497,0.2191,USD
PO--M10-202408,SOL-CELL-M10,SUP-004,2024-08-08,28650,0.2215,USD
PO--M10-202409,SOL-CELL-M10,SUP-004,2024-09-08,16886,0.2198,USD
PO--M10-202410,SOL-CELL-M10,SUP-004,2024-10-08,23599,0.2274,USD
PO--M10-202411,SOL-CELL-M10,SUP-004,2024-11-08,14785,0.2296,USD
PO--M10-202412,SOL-CELL-M10,SUP-004,2024-12-08,25109,0.2319,USD
PO--M10-202501,SOL-CELL-M10,SUP-004,2025-01-08,19813,0.2349,USD
PO--M10-202502,SOL-CELL-M10,SUP-004,2025-02-08,16456,0.2362,USD
PO--M10-202503,SOL-CELL-M10,SUP-004,2025-03-08,9712,0.2336,USD
PO--M10-202504,SOL-CELL-M10,SUP-004,2025-04-08,27959,0.2434,USD
PO--M10-202505,SOL-CELL-M10,SUP-004,2025-05-08,23606,0.2488,USD
PO--M10-202506,SOL-CELL-M10,SUP-004,2025-06-08,22492,0.2635,USD
PO--M10-202507,SOL-CELL-M10,SUP-004,2025-07-08,22047,0.2652,USD
PO--M10-202508,SOL-CELL-M10,SUP-004,2025-08-08,16975,0.2645,USD
PO--M10-202509,SOL-CELL-M10,SUP-004,2025-09-08,16145,0.2678,USD
PO--M10-202510,SOL-CELL-M10,SUP-004,2025-10-08,24826,0.2732,USD
PO--M10-202511,SOL-CELL-M10,SUP-004,2025-11-08,11494,0.2798,USD
PO--M10-202512,SOL-CELL-M10,SUP-004,2025-12-08,15383,0.2684,USD
PO-FILM-202401,SOL-EVA-FILM,SUP-007,2024-01-08,993,1.1233,USD
PO-FILM-202402,SOL-EVA-FILM,SUP-007,2024-02-08,1888,1.1166,USD
PO-FILM-202403,SOL-EVA-FILM,SUP-007,2024-03-08,1351,1.1265,USD
PO-FILM-202404,SOL-EVA-FILM,SUP-007,2024-04-08,2380,1.0963,USD
PO-FILM-202405,SOL-EVA-FILM,SUP-007,2024-05-08,973,1.0854,USD
PO-FILM-202406,SOL-EVA-FILM,SUP-007,2024-06-08,1741,1.0795,USD
PO-FILM-202407,SOL-EVA-FILM,SUP-007,2024-07-08,1887,1.0848,USD
PO-FILM-202408,SOL-EVA-FILM,SUP-007,2024-08-08,1514,1.0764,USD
PO-FILM-202409,SOL-EVA-FILM,SUP-007,2024-09-08,820,1.1194,USD
PO-FILM-202410,SOL-EVA-FILM,SUP-007,2024-10-08,2129,1.084,USD
PO-FILM-202411,SOL-EVA-FILM,SUP-007,2024-11-08,2109,1.0415,USD
PO-FILM-202412,SOL-EVA-FILM,SUP-007,2024-12-08,2166,1.0715,USD
PO-FILM-202501,SOL-EVA-FILM,SUP-007,2025-01-08,1587,1.1217,USD
PO-FILM-202502,SOL-EVA-FILM,SUP-007,2025-02-08,2377,1.1564,USD
PO-FILM-202503,SOL-EVA-FILM,SUP-007,2025-03-08,1817,1.1824,USD
PO-FILM-202504,SOL-EVA-FILM,SUP-007,2025-04-08,2293,1.17,USD
PO-FILM-202505,SOL-EVA-FILM,SUP-007,2025-05-08,1968,1.1828,USD
PO-FILM-202506,SOL-EVA-FILM,SUP-007,2025-06-08,1505,1.1981,USD
PO-FILM-202507,SOL-EVA-FILM,SUP-007,2025-07-08,1659,1.2093,USD
PO-FILM-202508,SOL-EVA-FILM,SUP-007,2025-08-08,1789,1.2406,USD
PO-FILM-202509,SOL-EVA-FILM,SUP-007,2025-09-08,1827,1.2725,USD
PO-FILM-202510,SOL-EVA-FILM,SUP-007,2025-10-08,1773,1.2649,USD
PO-FILM-202511,SOL-EVA-FILM,SUP-007,2025-11-08,2099,1.2694,USD
PO-FILM-202512,SOL-EVA-FILM,SUP-007,2025-12-08,1222,1.3051,USD
PO-IP68-202401,SOL-JBOX-IP68,SUP-001,2024-01-08,17097,2.8105,USD
PO-IP68-202402,SOL-JBOX-IP68,SUP-001,2024-02-08,21693,2.8062,USD
PO-IP68-202403,SOL-JBOX-IP68,SUP-001,2024-03-08,28737,2.8612,USD
PO-IP68-202404,SOL-JBOX-IP68,SUP-001,2024-04-08,16393,3.0261,USD
PO-IP68-202405,SOL-JBOX-IP68,SUP-001,2024-05-08,17073,2.8532,USD
PO-IP68-202406,SOL-JBOX-IP68,SUP-001,2024-06-08,20723,2.8701,USD
PO-IP68-202407,SOL-JBOX-IP68,SUP-001,2024-07-08,14329,2.807,USD
PO-IP68-202408,SOL-JBOX-IP68,SUP-001,2024-08-08,10238,2.7831,USD
PO-IP68-202409,SOL-JBOX-IP68,SUP-001,2024-09-08,12640,2.7921,USD
PO-IP68-202410,SOL-JBOX-IP68,SUP-001,2024-10-08,15421,2.7364,USD
PO-IP68-202411,SOL-JBOX-IP68,SUP-001,2024-11-08,17349,2.6561,USD
PO-IP68-202412,SOL-JBOX-IP68,SUP-001,2024-12-08,20246,2.7543,USD
PO-IP68-202501,SOL-JBOX-IP68,SUP-001,2025-01-08,24507,2.736,USD
PO-IP68-202502,SOL-JBOX-IP68,SUP-001,2025-02-08,13199,2.8693,USD
PO-IP68-202503,SOL-JBOX-IP68,SUP-001,2025-03-08,22534,2.8762,USD
PO-IP68-202504,SOL-JBOX-IP68,SUP-001,2025-04-08,10736,2.9369,USD
PO-IP68-202505,SOL-JBOX-IP68,SUP-001,2025-05-08,11368,2.9865,USD
PO-IP68-202506,SOL-JBOX-IP68,SUP-001,2025-06-08,17494,2.9727,USD
PO-IP68-202507,SOL-JBOX-IP68,SUP-001,2025-07-08,15997,2.9829,USD
PO-IP68-202508,SOL-JBOX-IP68,SUP-001,2025-08-08,22896,2.8937,USD
PO-IP68-202509,SOL-JBOX-IP68,SUP-001,2025-09-08,28111,3.0194,USD
PO-IP68-202510,SOL-JBOX-IP68,SUP-001,2025-10-08,22179,2.9774,USD
PO-IP68-202511,SOL-JBOX-IP68,SUP-001,2025-11-08,10455,2.9257,USD
PO-IP68-202512,SOL-JBOX-IP68,SUP-001,2025-12-08,26583,2.9964,USD
PO-HEET-202401,SOL-BACKSHEET,SUP-002,2024-01-08,1095,2.0349,USD
PO-HEET-202402,SOL-BACKSHEET,SUP-002,2024-02-08,1947,2.0318,USD
PO-HEET-202403,SOL-BACKSHEET,SUP-002,2024-03-08,1633,2.0851,USD
PO-HEET-202404,SOL-BACKSHEET,SUP-002,2024-04-08,855,2.0315,USD
PO-HEET-202405,SOL-BACKSHEET,SUP-002,2024-05-08,1662,2.0206,USD
PO-HEET-202406,SOL-BACKSHEET,SUP-002,2024-06-08,1457,2.0693,USD
PO-HEET-202407,SOL-BACKSHEET,SUP-002,2024-07-08,2136,2.0799,USD
PO-HEET-202408,SOL-BACKSHEET,SUP-002,2024-08-08,1085,2.1543,USD
PO-HEET-202409,SOL-BACKSHEET,SUP-002,2024-09-08,1936,2.1746,USD
PO-HEET-202410,SOL-BACKSHEET,SUP-002,2024-10-08,1291,2.2068,USD
PO-HEET-202411,SOL-BACKSHEET,SUP-002,2024-11-08,1670,2.1864,USD
PO-HEET-202412,SOL-BACKSHEET,SUP-002,2024-12-08,2358,2.2334,USD
PO-HEET-202501,SOL-BACKSHEET,SUP-002,2025-01-08,1909,2.2249,USD
PO-HEET-202502,SOL-BACKSHEET,SUP-002,2025-02-08,1471,2.1738,USD
PO-HEET-202503,SOL-BACKSHEET,SUP-002,2025-03-08,2270,2.2548,USD
PO-HEET-202504,SOL-BACKSHEET,SUP-002,2025-04-08,1311,2.3403,USD
PO-HEET-202505,SOL-BACKSHEET,SUP-002,2025-05-08,1843,2.2849,USD
PO-HEET-202506,SOL-BACKSHEET,SUP-002,2025-06-08,802,2.3406,USD
PO-HEET-202507,SOL-BACKSHEET,SUP-002,2025-07-08,1006,2.2945,USD
PO-HEET-202508,SOL-BACKSHEET,SUP-002,2025-08-08,1029,2.1917,USD
PO-HEET-202509,SOL-BACKSHEET,SUP-002,2025-09-08,907,2.2884,USD
PO-HEET-202510,SOL-BACKSHEET,SUP-002,2025-10-08,2135,2.4185,USD
PO-HEET-202511,SOL-BACKSHEET,SUP-002,2025-11-08,1924,2.4697,USD
PO-HEET-202512,SOL-BACKSHEET,SUP-002,2025-12-08,1323,2.3965,USD
