material_id,snapshot_date,quantity_on_hand,inventory_value,currency
SOL-GLASS-32,2025-10-31,4460,35848.14,USD
SOL-GLASS-32,2025-11-30,4072,32729.51,USD
SOL-GLASS-32,2025-12-05,3878,31170.2,USD
SOL-ALU-FRAME,2025-10-31,734,3105.85,USD
SOL-ALU-FRAME,2025-11-30,670,2835.04,USD
SOL-ALU-FRAME,2025-12-05,638,2699.63,USD
SOL-CELL-M10,2025-10-31,13213,3546.37,USD
SOL-CELL-M10,2025-11-30,12064,3237.98,USD
SOL-CELL-M10,2025-12-05,11490,3083.92,USD
SOL-EVA-FILM,2025-10-31,5858,7645.28,USD
SOL-EVA-FILM,2025-11-30,5349,6980.98,USD
SOL-EVA-FILM,2025-12-05,5094,6648.18,USD
SOL-JBOX-IP68,2025-10-31,45400,136036.56,USD
SOL-JBOX-IP68,2025-11-30,41452,124206.77,USD
SOL-JBOX-IP68,2025-12-05,39478,118291.88,USD
SOL-BACKSHEET,2025-10-31,3095,7417.17,USD
SOL-BACKSHEET,2025-11-30,2826,6772.51,USD
SOL-BACKSHEET,2025-12-05,2691,6448.98,USD
