EBELN;MATNR;LIFNR;BEDAT;MENGE;NETPR;WAERS
4500000001;000000000000100000;SUP-003;20240108;810;6.2476;USD
4500000002;000000000000100000;SUP-003;20240208;2212;6.309;USD
4500000003;000000000000100000;SUP-003;20240308;2232;6.4794;USD
4500000004;000000000000100000;SUP-003;20240408;1084;6.4487;USD
4500000005;000000000000100000;SUP-003;20240508;1245;6.4308;USD
4500000006;000000000000100000;SUP-003;20240608;1021;6.4532;USD
4500000007;000000000000100000;SUP-003;20240708;2113;6.4511;USD
4500000008;000000000000100000;SUP-003;20240808;1155;6.7758;USD
4500000009;000000000000100000;SUP-003;20240908;1990;6.6753;USD
4500000010;000000000000100000;SUP-003;20241008;1833;6.8673;USD
4500000011;000000000000100000;SUP-003;20241108;1910;6.8668;USD
4500000012;000000000000100000;SUP-003;20241208;1830;6.8401;USD
4500000013;000000000000100000;SUP-003;20250108;2175;6.5436;USD
4500000014;000000000000100000;SUP-003;20250208;1345;6.8846;USD
4500000015;000000000000100000;SUP-003;20250308;1962;6.7145;USD
4500000016;000000000000100000;SUP-003;20250408;1529;7.0811;USD
4500000017;000000000000100000;SUP-003;20250508;1935;7.5068;USD
4500000018;000000000000100000;SUP-003;20250608;2019;7.6888;USD
4500000019;000000000000100000;SUP-003;20250708;2116;7.7924;USD
4500000020;000000000000100000;SUP-003;20250808;1727;7.6303;USD
4500000021;000000000000100000;SUP-003;20250908;1590;7.9654;USD
4500000022;000000000000100000;SUP-003;20251008;2079;7.9667;USD
4500000023;000000000000100000;SUP-003;20251108;1900;8.343;USD
4500000024;000000000000100000;SUP-003;20251208;1007;8.0377;USD
4500000025;000000000000100001;SUP-006;20240108;939;3.4273;USD
4500000026;000000000000100001;SUP-006;20240208;1923;3.4847;USD
4500000027;000000000000100001;SUP-006;20240308;2254;3.3874;USD
4500000028;000000000000100001;SUP-006;20240408;1624;3.4898;USD
4500000029;000000000000100001;SUP-006;20240508;917;3.5808;USD
4500000030;000000000000100001;SUP-006;20240608;2189;3.6402;USD
4500000031;000000000000100001;SUP-006;20240708;1613;3.5919;USD
4500000032;000000000000100001;SUP-006;20240808;974;3.6592;USD
4500000033;000000000000100001;SUP-006;20240908;1612;3.6212;USD
4500000034;000000000000100001;SUP-006;20241008;2146;3.6446;USD
4500000035;000000000000100001;SUP-006;20241108;1978;3.6468;USD
4500000036;000000000000100001;SUP-006;20241208;1115;3.5572;USD
4500000037;000000000000100001;SUP-006;20250108;1294;3.6535;USD
4500000038;000000000000100001;SUP-006;20250208;972;3.7319;USD
4500000039;000000000000100001;SUP-006;20250308;2005;3.9601;USD
4500000040;000000000000100001;SUP-006;20250408;1715;4.2446;USD
4500000041;000000000000100001;SUP-006;20250508;1914;4.6386;USD
4500000042;000000000000100001;SUP-006;20250608;1145;4.7524;USD
4500000043;000000000000100001;SUP-006;20250708;933;4.7034;USD
4500000044;000000000000100001;SUP-006;20250808;1712;4.6295;USD
4500000045;000000000000100001;SUP-006;20250908;2018;4.6023;USD
4500000046;000000000000100001;SUP-006;20251008;1281;4.4124;USD
4500000047;000000000000100001;SUP-006;20251108;1984;4.2318;USD
4500000048;000000000000100001;SUP-006;20251208;836;4.2314;USD
4500000049;000000000000100002;SUP-004;20240108;17415;0.2123;USD
4500000050;000000000000100002;SUP-004;20240208;17163;0.2086;USD
4500000051;000000000000100002;SUP-004;20240308;10242;0.2181;USD
4500000052;000000000000100002;SUP-004;20240408;17421;0.2176;USD
4500000053;000000000000100002;SUP-004;20240508;26391;0.211;USD
4500000054;000000000000100002;SUP-004;20240608;9863;0.2186;USD
4500000055;000000000000100002;SUP-004;20240708;26497;0.2191;USD
4500000056;000000000000100002;SUP-004;20240808;28650;0.2215;USD
4500000057;000000000000100002;SUP-004;20240908;16886;0.2198;USD
4500000058;000000000000100002;SUP-004;20241008;23599;0.2274;USD
4500000059;000000000000100002;SUP-004;20241108;14785;0.2296;USD
4500000060;000000000000100002;SUP-004;20241208;25109;0.2319;USD
4500000061;000000000000100002;SUP-004;20250108;19813;0.2349;USD
4500000062;000000000000100002;SUP-004;20250208;16456;0.2362;USD
4500000063;000000000000100002;SUP-004;20250308;9712;0.2336;USD
4500000064;000000000000100002;SUP-004;20250408;27959;0.2434;USD
4500000065;000000000000100002;SUP-004;20250508;23606;0.2488;USD
4500000066;000000000000100002;SUP-004;20250608;22492;0.2635;USD
4500000067;000000000000100002;SUP-004;20250708;22047;0.2652;USD
4500000068;000000000000100002;SUP-004;20250808;16975;0.2645;USD
4500000069;000000000000100002;SUP-004;20250908;16145;0.2678;USD
4500000070;000000000000100002;SUP-004;20251008;24826;0.2732;USD
4500000071;000000000000100002;SUP-004;20251108;11494;0.2798;USD
4500000072;000000000000100002;SUP-004;20251208;15383;0.2684;USD
4500000073;000000000000100003;SUP-007;20240108;993;1.1233;USD
4500000074;000000000000100003;SUP-007;20240208;1888;1.1166;USD
4500000075;000000000000100003;SUP-007;20240308;1351;1.1265;USD
4500000076;000000000000100003;SUP-007;20240408;2380;1.0963;USD
4500000077;000000000000100003;SUP-007;20240508;973;1.0854;USD
4500000078;000000000000100003;SUP-007;20240608;1741;1.0795;USD
4500000079;000000000000100003;SUP-007;20240708;1887;1.0848;USD
4500000080;000000000000100003;SUP-007;20240808;1514;1.0764;USD
4500000081;000000000000100003;SUP-007;20240908;820;1.1194;USD
4500000082;000000000000100003;SUP-007;20241008;2129;1.084;USD
4500000083;000000000000100003;SUP-007;20241108;2109;1.0415;USD
4500000084;000000000000100003;SUP-007;20241208;2166;1.0715;USD
4500000085;000000000000100003;SUP-007;20250108;1587;1.1217;USD
4500000086;000000000000100003;SUP-007;20250208;2377;1.1564;USD
4500000087;000000000000100003;SUP-007;20250308;1817;1.1824;USD
4500000088;000000000000100003;SUP-007;20250408;2293;1.17;USD
4500000089;000000000000100003;SUP-007;20250508;1968;1.1828;USD
4500000090;000000000000100003;SUP-007;20250608;1505;1.1981;USD
4500000091;000000000000100003;SUP-007;20250708;1659;1.2093;USD
4500000092;000000000000100003;SUP-007;20250808;1789;1.2406;USD
4500000093;000000000000100003;SUP-007;20250908;1827;1.2725;USD
4500000094;000000000000100003;SUP-007;20251008;1773;1.2649;USD
4500000095;000000000000100003;SUP-007;20251108;2099;1.2694;USD
4500000096;000000000000100003;SUP-007;20251208;1222;1.3051;USD
4500000097;000000000000100004;SUP-001;20240108;17097;2.8105;USD
4500000098;000000000000100004;SUP-001;20240208;21693;2.8062;USD
4500000099;000000000000100004;SUP-001;20240308;28737;2.8612;USD
4500000100;000000000000100004;SUP-001;20240408;16393;3.0261;USD
4500000101;000000000000100004;SUP-001;20240508;17073;2.8532;USD
4500000102;000000000000100004;SUP-001;20240608;20723;2.8701;USD
4500000103;000000000000100004;SUP-001;20240708;14329;2.807;USD
4500000104;000000000000100004;SUP-001;20240808;10238;2.7831;USD
4500000105;000000000000100004;SUP-001;20240908;12640;2.7921;USD
4500000106;000000000000100004;SUP-001;20241008;15421;2.7364;USD
4500000107;000000000000100004;SUP-001;20241108;17349;2.6561;USD
4500000108;000000000000100004;SUP-001;20241208;20246;2.7543;USD
4500000109;000000000000100004;SUP-001;20250108;24507;2.736;USD
4500000110;000000000000100004;SUP-001;20250208;13199;2.8693;USD
4500000111;000000000000100004;SUP-001;20250308;22534;2.8762;USD
4500000112;000000000000100004;SUP-001;20250408;10736;2.9369;USD
4500000113;000000000000100004;SUP-001;20250508;11368;2.9865;USD
4500000114;000000000000100004;SUP-001;20250608;17494;2.9727;USD
4500000115;000000000000100004;SUP-001;20250708;15997;2.9829;USD
4500000116;000000000000100004;SUP-001;20250808;22896;2.8937;USD
4500000117;000000000000100004;SUP-001;20250908;28111;3.0194;USD
4500000118;000000000000100004;SUP-001;20251008;22179;2.9774;USD
4500000119;000000000000100004;SUP-001;20251108;10455;2.9257;USD
4500000120;000000000000100004;SUP-001;20251208;26583;2.9964;USD
4500000121;000000000000100005;SUP-002;20240108;1095;2.0349;USD
4500000122;000000000000100005;SUP-002;20240208;1947;2.0318;USD
4500000123;000000000000100005;SUP-002;20240308;1633;2.0851;USD
4500000124;000000000000100005;SUP-002;20240408;855;2.0315;USD
4500000125;000000000000100005;SUP-002;20240508;1662;2.0206;USD
4500000126;000000000000100005;SUP-002;20240608;1457;2.0693;USD
4500000127;000000000000100005;SUP-002;20240708;2136;2.0799;USD
4500000128;000000000000100005;SUP-002;20240808;1085;2.1543;USD
4500000129;000000000000100005;SUP-002;20240908;1936;2.1746;USD
4500000130;000000000000100005;SUP-002;20241008;1291;2.2068;USD
4500000131;000000000000100005;SUP-002;20241108;1670;2.1864;USD
4500000132;000000000000100005;SUP-002;20241208;2358;2.2334;USD
4500000133;000000000000100005;SUP-002;20250108;1909;2.2249;USD
4500000134;000000000000100005;SUP-002;20250208;1471;2.1738;USD
4500000135;000000000000100005;SUP-002;20250308;2270;2.2548;USD
4500000136;000000000000100005;SUP-002;20250408;1311;2.3403;USD
4500000137;000000000000100005;SUP-002;20250508;1843;2.2849;USD
4500000138;000000000000100005;SUP-002;20250608;802;2.3406;USD
4500000139;000000000000100005;SUP-002;20250708;1006;2.2945;USD
4500000140;000000000000100005;SUP-002;20250808;1029;2.1917;USD
4500000141;000000000000100005;SUP-002;20250908;907;2.2884;USD
4500000142;000000000000100005;SUP-002;20251008;2135;2.4185;USD
4500000143;000000000000100005;SUP-002;20251108;1924;2.4697;USD
4500000144;000000000000100005;SUP-002;20251208;1323;2.3965;USD
